<?xml version='1.0' encoding='utf-8' standalone='yes' ?>
<map>
    <long name="time_active" value="2471" />
    <long name="last_upload" value="1718682463695" />
    <long name="first_open_time" value="1718682463653" />
    <string name="gmp_app_id">1:484286080282:android:7eb516d49bb4ad11</string>
    <string name="app_instance_id">d4f7ec29ec7a6b0d3c7c8aeccc9aafd0</string>
    <boolean name="app_backgrounded" value="true" />
    <boolean name="use_service" value="true" />
    <boolean name="has_been_opened" value="true" />
    <boolean name="use_dynamite_api" value="false" />
    <boolean name="allow_remote_dynamite" value="false" />
    <long name="last_pause_time" value="1718682536589" />
    <boolean name="start_new_session" value="true" />
</map>
